UID,Name,No_of_matches,Gender,Nation_ID
60001,CB Gaffaney,69,Male,80011
60002,J Madanagopal,11,Male,80006
60003,BNJ Oxenford,57,Male,80002
60004,AK Chaudhary,111,Male,80006
60005,Nitin Menon,83,Male,80006
60006,KN Ananthapadmanabhan,56,Male,80006
60007,R Pandit,6,Male,80006
60008,GR Sadashiv Iyer,6,Male,80006
60009,PG Pathak,16,Male,80006
60010,Chirra Ravikanthreddy,6,Male,80006
60011,NA Patwardhan,6,Male,80006
60012,Navdeep Singh,7,Male,80006
60013,HAS Khalid,7,Male,80006
60014,MA Gough,12,Male,80004
60015,M Erasmus,67,Male,80016
60016,RJ Tucker,52,Male,80002
60017,Tapan Sharma,8,Male,80006
60018,K Srinivasan,9,Male,80006
60019,S Ravi,131,Male,80006
60020,AY Dandekar,32,Male,80006
60021,RK Illingworth,39,Male,80004
60022,C Shamshuddin,88,Male,80006
60023,PR Reiffel,28,Male,80002
60024,YC Barde,28,Male,80006
60025,UV Gandhe,18,Male,80006
60026,VK Sharma,46,Male,80006
60027,VA Kulkarni,50,Male,80006
60028,IJ Gould,6,Male,80004
60029,NJ Llong,37,Male,80004
60030,A Nand Kishore,25,Male,80006
60031,CK Nandan,59,Male,80006
60032,HDPK Dharmasena,94,Male,80006
60033,A Deshmukh,12,Male,80006
60034,K Bharatan,3,Male,80006
60035,RM Deshpande,7,Male,80006
60036,JD Cloete,17,Male,80016
60037,SD Fry,6,Male,80002
60038,K Srinath,15,Male,80006
60039,SS Hazare,17,Male,80006
60040,Aleem Dar,38,Male,80013
60041,BF Bowden,37,Male,80011
60042,Asad Rauf,51,Male,80013
60043,S Das,15,Male,80006
60044,S Asnani,30,Male,80006
60045,BR Doctrove,42,Male,80020
60046,SK Tarapore,31,Male,80006
60047,K Hariharan,21,Male,80006
60048,RE Koertzen,41,Male,80016
60049,AM Saheba,26,Male,80006
60050,BG Jerling,17,Male,80016
60051,IL Howell,14,Male,80016
60052,SJA Taufel,55,Male,80002
60053,DJ Harper,27,Male,80002
60054,GAV Baxter,7,Male,80011
60055,SL Shastri,14,Male,80006
60056,MR Benson,12,Male,80004
60057,SJ Davis,7,Male,80002
60058,AV Jayaprakash,6,Male,80006
60059,N Pandit,6,Male,80006
60060,Subroto Das,1,Male,80006
60061,RB Tiffin,30,Male,80021
60062,AL Hill,6,Male,80004
60063,TH Wijewardene,5,Male,80017
60064,SD Ranade,2,Male,80006
60065,I Shivram,6,Male,80006
60066,GA Pratapkumar,6,Male,80006
